# tier	remote_path	local_relative_path	bytes	sha256
core	HUMAN+/HUMANPLUS_X2_PLUS/2026-08-10/dynamics_feasibility/x2_forward4_dynamics_feasibility_seed_v1.tar.gz	seed/x2_forward4_dynamics_feasibility_seed_v1.tar.gz	336075248	660f892728d64c65cee374e898ede7cff15e89fa691b72f6d886aa52cb510033
core	HUMAN+/HUMANPLUS_X2_PLUS/2026-08-07/official_x2_v1/sdk/aimdk-x2-v1.0.0-official.zip	official/aimdk-x2-v1.0.0-official.zip	156945205	5bbcf724d54fb28f153db0d272f9acb7906bb1d2cac7dd7ccdc699a5c7eeab35
core	HUMAN+/HUMANPLUS_X2_PLUS/2026-08-10/source_trees/x2_official_rl_deploy_v1_source_assets_20260810.tar.gz	source_trees/x2_official_rl_deploy_v1_source_assets_20260810.tar.gz	155344608	b6f6cecfe08fbfb9666638ead01a9882de16cee73ce7000766ce9a020ae152cf
core	HUMAN+/HUMANPLUS_X2_PLUS/2026-08-10/source_trees/general_motion_retargeting_actual_runtime_20260810.tar.gz	source_trees/general_motion_retargeting_actual_runtime_20260810.tar.gz	126973	c4f1dd76384ce9230106c9ba05d1d32d00a00f8125b742ad890e3dd290382886
core	HUMAN+/HUMANPLUS_X2_PLUS/2026-08-10/source_trees/Humanoid-GPT_requested_tree_20260810.tar.gz	source_trees/Humanoid-GPT_requested_tree_20260810.tar.gz	12886212	4b09d83fec09d003f16760ebee3f4e505656545f8fa751362682fca5d191b03a
core	HUMAN+/HUMANPLUS_X2_PLUS/2026-08-11/cycle10/x2_cycle10_dynamic_base_20260811.tar.gz	cycles/x2_cycle10_dynamic_base_20260811.tar.gz	22153950	154721bf18ee8f6aec717b9b120e2653a705c5238cf9c3d774b553e91f24ee1f
core	HUMAN+/HUMANPLUS_X2_PLUS/2026-08-11/cycle20/x2_cycle20_contact_skeleton_20260811.tar.gz	cycles/x2_cycle20_contact_skeleton_20260811.tar.gz	46608	6133637f79251ccf1d7e9a03a464bfcd9978bd1415f678dc987d1b4c10a30fab
core	HUMAN+/HUMANPLUS_X2_PLUS/2026-08-11/cycle30/x2_cycle30_load_force_boundary_20260811.tar.gz	cycles/x2_cycle30_load_force_boundary_20260811.tar.gz	89040	9efdcc638c14900eef2bf4edb35af43e00e56497af361cc3e6da3000e5f3b7c3
core	HUMAN+/HUMANPLUS_X2_PLUS/2026-08-11/cycle40/x2_cycle40_native_dsms_generator_20260811.tar.gz	cycles/x2_cycle40_native_dsms_generator_20260811.tar.gz	741458	680500a8b6f07f7a2b02c630747ece0b71099bf705d228c822f113da519d205e
core	HUMAN+/HUMANPLUS_X2_PLUS/2026-08-12/new_pc_migration/x2_current_worktree_delta_phase40_20260812.tar.gz	cycles/x2_current_worktree_delta_phase40_20260812.tar.gz	20778519	6ae8cd52d5d278e6cfd8ba4d7c976561b0658c4595e32076c05c836b7a5f6db9
core	HUMAN+/HUMANPLUS_X2_PLUS/2026-08-11/dynamic_retargeting/x2_dynamic_retargeting_race_full_20260811.tar.gz	dynamic_retargeting/x2_dynamic_retargeting_race_full_20260811.tar.gz	22786040	219a1dc5739bfdd5078c656055f04df151d225202ee76ef6a2541ef788bde683
core	HUMAN+/HUMANPLUS_X2_PLUS/2026-08-09/phase55/x2_phase55_native_upper_robust_20260809.tar.gz	phase_archives/x2_phase55_native_upper_robust_20260809.tar.gz	495434849	7fbd1e52919f5a21e5a6036e3d5e6f7cd84856b9892b49043341328079c7e3e1
core	HUMAN+/HUMANPLUS_X2_PLUS/2026-08-09/phase42/x2_phase42_dual_track_20260809.tar.gz	phase_archives/x2_phase42_dual_track_20260809.tar.gz	20567491	3eb55e4da0ab91b81f141a05fead153e491287bb7e396c67c117b2d5c8159e33
core	HUMAN+/HUMANPLUS_X2_PLUS/2026-08-09/phase30/x2_phase30_dual_track_20260809.tar.gz	phase_archives/x2_phase30_dual_track_20260809.tar.gz	18973586	98b07a37ed07535d45bffbab2181e29ef6481aa8b365955f9bbfb4f605adb696
core	HUMAN+/HUMANPLUS_X2_PLUS/2026-08-09/phase10/x2_phase10_recovery_native_gold_20260809.tar.gz	phase_archives/x2_phase10_recovery_native_gold_20260809.tar.gz	20594628	bf46644ae45d57810244b785acd23d4553a25cc0bbec3c42b8df3127a54b7e98
full	HUMAN+/HUMANPLUS_X2_PLUS/2026-08-10/runtime/x2_aimdk_runtime_images_v1.tar.gz.part-00	runtime/x2_aimdk_runtime_images_v1.tar.gz.part-00	3221225472	164eb2ee0ae99931e0ef73877b58b312095fd8628cb4d21a6957faa2e15c511b
full	HUMAN+/HUMANPLUS_X2_PLUS/2026-08-10/runtime/x2_aimdk_runtime_images_v1.tar.gz.part-01	runtime/x2_aimdk_runtime_images_v1.tar.gz.part-01	2332520747	847a44c26fbc637cfc937fc99296d6854750a9ed943b97080641f69d72593d3a
full	HUMAN+/HUMANPLUS_X2_PLUS/2026-08-09/phase47/x2_phase47_official_state_faithful_s7_20260809.tar.gz	phase_archives/x2_phase47_official_state_faithful_s7_20260809.tar.gz	299929905	ec6030a5c3342d4d233a4cb19789be1d6646a926f449e088317adb14b23c4b53
full	HUMAN+/HUMANPLUS_X2_PLUS/2026-08-09/phase36/x2_phase36_dual_track_20260809.tar.gz	phase_archives/x2_phase36_dual_track_20260809.tar.gz	29623463	f5c336ee2ea06c448b1642e16e5e68dd9a9e62ad9762172baf0b5e9b9e02440e
full	HUMAN+/HUMANPLUS_X2_PLUS/2026-08-09/phase25/x2_phase25_dual_track_20260809.tar.gz	phase_archives/x2_phase25_dual_track_20260809.tar.gz	23968410	2b63d1f1e8e6ea7fadcdd52768bed66d9f6d492ac8ec758fd698672b68449e29
full	HUMAN+/HUMANPLUS_X2_PLUS/2026-08-07/checkpoints/stage152_B_dual_equal_split_init.pt	checkpoints/stage152_B_dual_equal_split_init.pt	193683894	5894a8587c44cca69983af5924815dbf99eb7e947ad8ce0c6e5fb765580609b2
full	HUMAN+/HUMANPLUS_X2_PLUS/2026-08-07/checkpoints/stage152_B_materialized_v1.pt	checkpoints/stage152_B_materialized_v1.pt	151324629	e9c779df8b332d4d22e54bb69ff33401eda9f9c303374ac92b14b6d073931979
